City_ID,City,Lat,Lng,Max Temp,Humidity,Cloudiness,Wind Speed,Country,Date
0,dillon,34.4166,-79.3712,19.37,50,70,3.1,US,1673471705
1,swan hill,-35.3378,143.5544,25.37,25,47,2.28,AU,1673471705
2,punta arenas,-53.15,-70.9167,15.62,47,0,10.29,CL,1673471705
3,tessalit,20.1986,1.0114,17.81,15,48,4.43,ML,1673471705
4,hermanus,-34.4187,19.2345,21.56,81,96,4.83,ZA,1673471706
5,jamame,0.0722,42.7506,24.76,86,24,5.15,SO,1673471706
6,marsh harbour,26.5412,-77.0636,22.49,55,13,1.75,BS,1673471706
7,kodiak,57.79,-152.4072,0.73,80,40,0.0,US,1673471706
8,tasiilaq,65.6145,-37.6368,-11.91,62,100,2.1,GL,1673471707
9,jamestown,42.097,-79.2353,6.12,48,20,4.02,US,1673471707
10,fairbanks,64.8378,-147.7164,-13.0,75,75,3.6,US,1673471699
11,new norfolk,-42.7826,147.0587,17.06,67,13,0.89,AU,1673471707
12,laguna,38.421,-121.4238,13.1,76,100,8.23,US,1673471708
13,miramar,25.9873,-80.2323,25.57,56,0,4.63,US,1673471708
14,ushuaia,-54.8,-68.3,11.81,66,75,9.77,AR,1673471539
15,kampot,10.6167,104.1833,25.03,94,97,2.13,KH,1673471709
16,mataura,-46.1927,168.8643,12.0,81,100,0.99,NZ,1673471709
17,san cristobal,7.7669,-72.225,24.43,67,44,1.53,VE,1673471709
18,tuktoyaktuk,69.4541,-133.0374,-30.1,95,93,4.52,CA,1673471710
19,cape town,-33.9258,18.4232,22.17,75,100,4.02,ZA,1673471155
20,anadyr,64.75,177.4833,-22.72,75,3,5.0,RU,1673471484
21,krasnyy chikoy,50.3643,108.7512,-13.84,95,100,3.03,RU,1673471711
22,maniitsoq,65.4167,-52.9,-16.06,83,25,3.35,GL,1673471712
23,carnarvon,-24.8667,113.6333,22.83,66,0,7.45,AU,1673471712
24,srednekolymsk,67.45,153.6833,-37.59,100,71,1.22,RU,1673471712
25,carutapera,-1.195,-46.02,26.84,75,62,3.87,BR,1673471712
26,kapaa,22.0752,-159.319,26.18,69,75,8.23,US,1673471713
27,malakal,9.5334,31.6605,24.2,22,9,2.66,SS,1673471713
28,upernavik,72.7868,-56.1549,-27.63,82,39,1.63,GL,1673471713
29,saint-philippe,-21.3585,55.7679,25.77,83,74,6.54,RE,1673471714
30,rikitea,-23.1203,-134.9692,25.82,77,20,7.92,PF,1673471714
31,qaanaaq,77.484,-69.3632,-21.97,95,100,2.71,GL,1673471714
32,mar del plata,-38.0023,-57.5575,20.61,92,100,3.13,AR,1673471714
33,fukue,32.6881,128.8419,15.84,78,21,4.59,JP,1673471426
34,busselton,-33.65,115.3333,14.55,91,14,3.06,AU,1673471715
35,sandnessjoen,66.0217,12.6316,5.36,82,100,0.89,NO,1673471715
36,kungurtug,50.5994,97.5228,-25.39,99,100,1.06,RU,1673471715
37,sur,22.5667,59.5289,22.63,68,1,7.73,OM,1673471716
38,kahului,20.8947,-156.47,27.76,64,20,5.36,US,1673471603
39,bethel,41.3712,-73.414,2.41,56,99,2.17,US,1673471717
40,ribeira grande,38.5167,-28.7,17.22,94,75,8.05,PT,1673471717
41,te anau,-45.4167,167.7167,14.46,62,23,1.01,NZ,1673471718
42,mount isa,-20.7333,139.5,23.87,100,33,1.54,AU,1673471718
43,hithadhoo,-0.6,73.0833,26.84,75,100,4.91,MV,1673471719
44,san carlos de bariloche,-41.1456,-71.3082,16.86,34,20,10.8,AR,1673471495
45,komsomolskiy,40.4272,71.7189,-10.6,62,40,1.03,UZ,1673471720
46,albany,42.6001,-73.9662,0.13,65,100,1.43,US,1673471720
47,nampula,-15.1165,39.2666,21.73,96,100,0.79,MZ,1673471721
48,hobart,-42.8794,147.3294,17.25,86,20,3.09,AU,1673471705
49,ziyang,29.2497,117.8547,13.19,83,90,1.44,CN,1673471721
50,bambous virieux,-20.3428,57.7575,24.56,75,72,6.74,MU,1673471721
51,hilo,19.7297,-155.09,29.04,53,0,2.57,US,1673471722
52,vila,42.0304,-8.1588,3.49,89,15,1.18,PT,1673471722
53,tiszabercel,48.15,21.65,6.02,87,96,2.32,HU,1673471723
54,constitucion,-35.3333,-72.4167,18.66,52,100,7.84,CL,1673471723
55,norman wells,65.282,-126.8329,-23.12,96,100,2.1,CA,1673471723
56,arraial do cabo,-22.9661,-42.0278,24.92,88,75,1.54,BR,1673471723
57,olafsvik,64.8945,-23.7142,0.72,79,56,7.79,IS,1673471724
58,nanortalik,60.1432,-45.2371,-2.32,96,100,2.48,GL,1673471725
59,springfield,37.2153,-93.2982,18.81,52,0,3.09,US,1673471725
60,dikson,73.5069,80.5464,-32.62,97,100,2.53,RU,1673471725
61,atuona,-9.8,-139.0333,25.6,74,14,5.34,PF,1673471727
62,guaramirim,-26.4731,-49.0028,27.18,75,96,1.2,BR,1673471727
63,lata,40.1629,-8.3327,10.04,95,3,1.16,PT,1673471728
64,ramhormoz,31.28,49.6035,11.51,70,0,1.87,IR,1673471605
65,provideniya,64.3833,-173.3,-12.94,72,75,5.0,RU,1673471728
66,henties bay,-22.116,14.2845,18.18,83,99,3.67,NA,1673471729
67,pisco,-13.7,-76.2167,23.9,73,0,4.12,PE,1673471729
68,kruisfontein,-34.0033,24.7314,20.32,95,88,1.79,ZA,1673471729
69,mehamn,71.0357,27.8492,-4.03,80,0,9.77,NO,1673471730
70,reconquista,-29.15,-59.65,31.52,33,99,9.98,AR,1673471669
71,lebu,-37.6167,-73.65,15.03,70,0,10.66,CL,1673471731
72,victoria,22.2855,114.1577,19.41,89,99,4.02,HK,1673471703
73,barrow,71.2906,-156.7887,-22.99,70,0,12.35,US,1673471541
74,buta,2.7858,24.73,25.44,38,100,1.1,CD,1673471731
75,avarua,-21.2078,-159.775,27.03,74,75,1.54,CK,1673471732
76,port alfred,-33.5906,26.891,22.88,94,52,1.88,ZA,1673471732
77,saint george,37.1041,-113.5841,11.91,57,0,1.54,US,1673471732
78,alofi,-19.0595,-169.9187,27.94,83,75,3.6,NU,1673471732
79,saint anthony,45.0205,-93.218,1.48,89,100,2.57,US,1673471733
80,port elizabeth,-33.918,25.5701,24.06,94,40,3.6,ZA,1673471545
81,tornio,65.8481,24.1466,1.01,98,100,8.83,FI,1673471733
82,nikolskoye,59.7035,30.7861,-4.06,91,100,5.51,RU,1673471734
83,iqaluit,63.7506,-68.5145,-29.06,68,25,2.68,CA,1673471734
84,khatanga,71.9667,102.5,-41.45,100,96,2.62,RU,1673471734
85,hami,42.8,93.45,-2.79,25,100,11.11,CN,1673471735
86,east london,-33.0153,27.9116,24.01,92,59,2.79,ZA,1673471735
87,cabo san lucas,22.8909,-109.9124,28.12,41,0,3.6,MX,1673471735
88,nouadhibou,20.931,-17.0347,19.85,61,0,9.38,MR,1673471736
89,talnakh,69.4865,88.3972,-33.93,97,100,3.12,RU,1673471736
90,neiafu,-18.65,-173.9833,28.38,89,75,3.6,TO,1673471737
91,hofn,64.2539,-15.2082,1.27,65,99,8.95,IS,1673471454
92,chifeng,42.2683,118.9636,-3.03,68,36,2.5,CN,1673471737
93,cangucu,-31.395,-52.6756,28.56,40,71,3.52,BR,1673471738
94,hanyang,32.1371,105.5126,6.26,87,69,1.46,CN,1673471738
95,murgab,37.4966,61.9714,-13.18,81,80,1.33,TM,1673471738
96,grand gaube,-20.0064,57.6608,25.22,76,74,1.34,MU,1673471740
97,taft,31.7471,54.2088,-2.03,69,20,3.09,IR,1673471740
98,lompoc,34.6391,-120.4579,16.58,76,100,3.13,US,1673471740
99,panguipulli,-39.6333,-72.3333,20.9,31,8,3.62,CL,1673471740
100,bluff,-46.6,168.3333,12.91,65,75,3.78,NZ,1673471741
101,junin,-34.5838,-60.9433,34.91,19,78,3.43,AR,1673471741
102,shimoda,34.6667,138.95,8.45,67,0,4.82,JP,1673471741
103,berlevag,70.8578,29.0864,-4.0,74,20,7.2,NO,1673471742
104,gimli,50.6336,-96.9907,-8.73,91,97,4.89,CA,1673471742
105,vaini,-21.2,-175.2,29.09,84,75,1.54,TO,1673471742
106,fortuna,40.5982,-124.1573,13.19,91,75,14.4,US,1673471742
107,necochea,-38.5473,-58.7368,19.84,81,100,1.58,AR,1673471470
108,mahebourg,-20.4081,57.7,25.16,83,40,5.14,MU,1673471743
109,tecoanapa,16.5167,-98.75,29.09,54,0,4.41,MX,1673471743
110,butaritari,3.0707,172.7902,27.45,78,44,7.81,KI,1673471744
111,bonnyville,54.2668,-110.735,-9.38,94,91,0.88,CA,1673471744
112,bredasdorp,-34.5322,20.0403,20.6,84,100,3.94,ZA,1673471744
113,enid,36.3956,-97.8784,13.93,51,40,3.09,US,1673471744
114,geraldton,-28.7667,114.6,15.23,82,0,3.09,AU,1673471744
115,los llanos de aridane,28.6585,-17.9182,17.86,65,75,8.75,ES,1673471745
116,liwale,-9.7667,37.9333,22.57,84,100,1.48,TZ,1673471745
117,alto longa,-5.2511,-42.2103,31.03,41,80,2.66,BR,1673471745
118,katsuura,35.1333,140.3,8.07,75,31,1.66,JP,1673471746
119,tarabuco,-19.1667,-64.9167,10.86,76,76,4.1,BO,1673471746
120,olinda,-8.0089,-34.8553,27.85,65,75,4.12,BR,1673471746
121,gilgit,35.9221,74.3087,0.24,81,62,0.58,PK,1673471746
122,canyon,34.9803,-101.9188,16.4,15,2,14.73,US,1673471747
123,vila velha,-20.3297,-40.2925,27.19,84,20,7.2,BR,1673471617
124,martin,27.0837,-80.4164,24.99,50,0,3.06,US,1673471747
125,albina,5.5,-54.05,23.91,96,100,1.53,SR,1673471747
126,bubaque,11.2833,-15.8333,25.2,64,9,5.3,GW,1673471748
127,thompson,55.7435,-97.8558,-11.3,93,83,2.43,CA,1673471748
128,adre,13.4667,22.2,17.45,26,40,4.42,TD,1673471472
129,saldanha,-33.0117,17.9442,17.74,88,73,4.5,ZA,1673471704
130,yulara,-25.2406,130.9889,27.45,45,2,3.14,AU,1673471749
131,pakala,13.4667,79.1167,16.52,81,2,0.94,IN,1673471749
132,siocon,7.7061,122.1353,24.26,90,100,7.88,PH,1673471750
133,longyearbyen,78.2186,15.6401,-5.09,86,75,2.06,SJ,1673471750
134,sucua,-2.4667,-78.1667,25.41,64,75,2.57,EC,1673471751
135,sabaudia,41.3003,13.0282,9.69,53,47,2.01,IT,1673471751
136,pingzhuang,42.0372,119.2889,-4.19,66,30,2.39,CN,1673471751
137,sayyan,15.1718,44.3244,10.76,55,1,1.74,YE,1673471752
138,boddam,57.4667,-1.7833,4.21,82,73,7.99,GB,1673471752
139,atikokan,48.7555,-91.6216,-0.27,91,100,1.55,CA,1673471753
140,yellowknife,62.456,-114.3525,-19.87,91,99,2.33,CA,1673471753
141,inuvik,68.3499,-133.7218,-25.19,92,100,1.81,CA,1673471754
142,roald,62.5833,6.1333,6.76,87,75,14.92,NO,1673471754
143,klyuchi,52.2667,79.1667,-20.31,96,92,4.23,RU,1673471754
144,pemba,-12.974,40.5178,26.82,78,98,3.66,MZ,1673471755
145,vila franca do campo,37.7167,-25.4333,16.23,91,100,2.48,PT,1673471755
146,saskylakh,71.9167,114.0833,-40.19,99,100,1.78,RU,1673471755
147,zaysan,47.4667,84.8667,-24.68,82,32,2.65,KZ,1673471755
148,karratha,-20.7377,116.8463,28.9,38,19,6.83,AU,1673471756
149,kuytun,54.3419,101.5036,-24.09,88,100,3.33,RU,1673471756
150,la ronge,55.1001,-105.2842,-8.86,86,94,1.03,CA,1673471756
151,kintampo,8.0563,-1.7306,26.97,16,2,0.86,GH,1673471756
152,muros,42.7762,-9.0603,8.38,94,99,2.13,ES,1673471591
153,billings,45.7833,-108.5007,5.28,57,40,2.57,US,1673471757
154,kavieng,-2.5744,150.7967,27.3,76,100,2.66,PG,1673471757
155,puerto ayora,-0.7393,-90.3518,27.98,88,56,2.24,EC,1673471757
156,takoradi,4.8845,-1.7554,26.95,80,0,3.85,GH,1673471757
157,koppies,-27.2418,27.5742,21.95,35,28,3.5,ZA,1673471758
158,sioux lookout,50.1001,-91.917,-0.96,93,100,1.54,CA,1673471758
159,vestmannaeyjar,63.4427,-20.2734,2.14,74,17,0.38,IS,1673471758
160,georgetown,5.4112,100.3354,25.96,89,20,0.0,MY,1673471758
161,kalmunai,7.4167,81.8167,22.05,79,16,3.92,LK,1673471758
162,mogadishu,2.0371,45.3438,25.22,83,84,8.83,SO,1673471758
163,melfort,52.8667,-104.6177,-10.93,85,34,2.06,CA,1673471759
164,letnyaya stavka,45.4306,43.4472,-3.03,76,100,11.7,RU,1673471759
165,faanui,-16.4833,-151.75,26.9,75,100,6.04,PF,1673471759
166,cidreira,-30.1811,-50.2056,24.95,80,0,6.35,BR,1673471760
167,dancheng,33.6333,115.1833,8.23,73,68,1.98,CN,1673471760
168,shaunavon,49.6501,-108.4181,-4.12,92,64,0.79,CA,1673471760
169,chumikan,54.7183,135.315,-16.02,79,63,8.92,RU,1673471761
170,kyra,49.5776,111.9753,-16.5,97,52,1.93,RU,1673471761
171,saint-joseph,-21.3667,55.6167,24.21,80,78,5.93,RE,1673471762
172,tripoli,32.8752,13.1875,15.12,60,2,5.12,LY,1673471762
173,terme,41.2092,36.9739,2.96,49,97,1.36,TR,1673471762
174,ibimirim,-8.5406,-37.6903,30.0,35,84,1.37,BR,1673471763
175,mouila,-1.8685,11.0559,23.63,94,100,0.87,GA,1673471763
176,mandurah,-32.55,115.7,16.66,76,0,3.74,AU,1673471764
177,mbumi,-7.9058,39.2105,23.96,93,96,1.39,TZ,1673471764
178,mount gambier,-37.8333,140.7667,15.61,89,65,2.93,AU,1673471765
179,shakhtinsk,49.71,72.5872,-27.32,99,100,3.56,KZ,1673471765
180,marzuq,14.4,46.4667,17.42,47,3,1.09,YE,1673471766
181,egvekinot,66.3167,-179.1667,-21.06,77,74,6.53,RU,1673471766
182,narsaq,60.9167,-46.05,-7.88,72,100,2.9,GL,1673471766
183,praia da vitoria,38.7333,-27.0667,16.53,82,20,7.37,PT,1673471766
184,jalu,29.0331,21.5482,12.87,59,5,3.98,LY,1673471767
185,sakakah,29.9697,40.2064,7.83,62,0,3.18,SA,1673471768
186,grindavik,63.8424,-22.4338,-1.74,86,0,3.09,IS,1673471768
187,poros,37.4994,23.4536,8.81,64,33,4.77,GR,1673471769
188,terney,45.0503,136.6092,-4.98,76,3,4.24,RU,1673471769
189,naze,28.3667,129.4833,16.74,61,70,5.71,JP,1673471769
190,bathsheba,13.2167,-59.5167,27.34,74,40,6.17,BB,1673471769
191,marovoay,-16.1,46.6333,24.35,91,99,1.07,MG,1673471770
192,qingdao,36.0986,120.3719,7.04,90,0,3.37,CN,1673471714
193,iwamizawa,43.2003,141.7597,-5.97,92,100,0.51,JP,1673471771
194,da nang,16.0678,108.2208,21.99,88,75,0.0,VN,1673471771
195,fontanka,46.5626,30.8607,-0.92,79,100,7.03,UA,1673471772
196,airai,-8.9266,125.4092,15.61,94,86,0.18,TL,1673471772
197,rabaul,-4.1967,152.1721,26.84,79,100,1.86,PG,1673471772
198,coahuayana,18.7333,-103.6833,30.41,38,0,3.06,MX,1673471772
199,ust-ordynskiy,52.805,104.7508,-22.67,84,100,2.08,RU,1673471773
200,venice,27.0998,-82.4543,24.59,76,0,3.6,US,1673471700
201,senneterre,48.3835,-77.2328,-8.76,87,100,2.7,CA,1673471773
202,mutoko,-17.397,32.2268,17.61,84,34,1.59,ZW,1673471774
203,kamaishi,39.2667,141.8833,6.09,90,86,3.69,JP,1673471554
204,clyde river,70.4692,-68.5914,-14.87,66,100,10.29,CA,1673471774
205,buala,-8.145,159.5921,27.08,82,97,2.8,SB,1673471774
206,caravelas,-17.7125,-39.2481,25.76,79,78,3.48,BR,1673471775
207,daru,-9.0763,143.2092,24.11,97,100,2.71,PG,1673471775
208,ancud,-41.8697,-73.8203,14.11,67,75,4.1,CL,1673471775
209,kirkuk,35.4681,44.3922,7.01,52,0,3.93,IQ,1673471703
210,ossora,59.2353,163.0719,-11.84,89,96,4.18,RU,1673471775
211,arlit,18.7369,7.3853,16.32,19,0,4.1,NE,1673471776
212,kaitangata,-46.2817,169.8464,13.52,61,99,3.55,NZ,1673471776
213,touros,-5.1989,-35.4608,26.83,71,6,5.72,BR,1673471777
214,huadian,42.9633,126.7478,-9.92,93,100,0.97,CN,1673471543
215,castro,-24.7911,-50.0119,20.68,89,100,1.03,BR,1673471777
216,mantua,45.1667,10.7833,6.58,88,100,1.13,IT,1673471522
217,nenjiang,49.1833,125.2167,-20.71,100,83,1.21,CN,1673471778
218,zhigalovo,54.8097,105.1578,-29.96,99,100,1.95,RU,1673471778
219,port hardy,50.6996,-127.4199,8.1,76,75,12.35,CA,1673471778
220,torbay,47.6666,-52.7314,-5.14,85,75,4.63,CA,1673471779
221,salalah,17.0151,54.0924,22.05,64,0,1.03,OM,1673471779
222,channel-port aux basques,47.5702,-59.1367,-4.81,74,100,10.42,CA,1673471527
223,makakilo city,21.3469,-158.0858,27.18,56,75,4.12,US,1673471779
224,sehithwa,-20.4667,22.7167,25.56,23,10,3.16,BW,1673471780
225,faya,18.3851,42.4509,12.29,81,14,1.34,SA,1673471780
226,wellington,-41.2866,174.7756,15.59,81,75,11.32,NZ,1673471780
227,jiwani,25.05,61.7417,16.92,42,0,9.34,PK,1673471781
228,lagoa,39.05,-27.9833,15.73,82,100,7.64,PT,1673471781
229,cayenne,4.9333,-52.3333,26.02,83,75,4.63,GF,1673471781
230,jiangyou,31.7667,104.7167,7.71,76,16,1.3,CN,1673471781
231,tuy hoa,13.0833,109.3,22.6,94,88,1.8,VN,1673471723
232,krumovgrad,41.4667,25.65,8.35,96,100,2.31,BG,1673471782
233,ponta do sol,32.6667,-17.1,17.78,71,57,3.72,PT,1673471782
234,havre-saint-pierre,50.2334,-63.5986,-10.0,60,75,5.66,CA,1673471782
235,lazaro cardenas,17.9583,-102.2,27.83,61,0,3.81,MX,1673471783
236,lerwick,60.1545,-1.1494,7.0,82,100,4.18,GB,1673471565
237,omboue,-1.5746,9.2618,25.96,83,100,1.27,GA,1673471783
238,esperance,-33.8667,121.9,17.52,87,0,4.22,AU,1673471783
239,cherskiy,68.75,161.3,-34.64,98,100,0.3,RU,1673471784
240,hvolsvollur,63.7533,-20.2243,-4.46,84,16,3.16,IS,1673471785
241,hambantota,6.1241,81.1185,21.34,80,28,5.71,LK,1673471785
242,carndonagh,55.25,-7.2667,6.81,93,100,4.91,IE,1673471785
243,hailey,43.5196,-114.3153,2.72,74,0,3.6,US,1673471786
244,praia,14.9215,-23.5087,23.3,73,0,9.77,CV,1673471711
245,nanning,22.8167,108.3167,16.25,96,100,1.01,CN,1673471786
246,severo-kurilsk,50.6789,156.125,-6.11,77,92,11.22,RU,1673471786
247,mata,40.683,-7.4592,5.98,89,3,1.11,PT,1673471787
248,hokitika,-42.7167,170.9667,20.3,49,0,2.02,NZ,1673471787
249,leningradskiy,69.3833,178.4167,-29.87,95,20,1.13,RU,1673471787
250,salinas,36.6777,-121.6555,15.03,84,100,10.29,US,1673471787
251,ouango,4.3133,22.5552,22.93,37,45,0.33,CF,1673471787
252,port lincoln,-34.7333,135.8667,17.68,82,0,3.37,AU,1673471788
253,abbeville,50.1,1.8333,11.25,90,100,10.43,FR,1673471789
254,tucurui,-3.7661,-49.6725,25.73,86,100,1.79,BR,1673471790
255,ondangwa,-17.9167,15.95,25.87,51,98,3.81,NA,1673471791
256,ahuimanu,21.4447,-157.8378,27.84,60,75,6.17,US,1673471793
257,progreso,21.2833,-89.6667,30.62,58,1,5.47,MX,1673471793
258,abha,18.2164,42.5053,12.14,88,40,2.06,SA,1673471793
259,chkalovskoye,44.8392,133.0436,-14.47,92,7,1.63,RU,1673471793
260,orlik,52.5178,99.825,-32.67,90,14,1.58,RU,1673471793
261,lorengau,-2.0226,147.2712,27.23,80,100,3.34,PG,1673471794
262,misratah,32.3754,15.0925,15.31,57,17,5.57,LY,1673471641
263,richards bay,-28.783,32.0377,20.5,92,0,3.47,ZA,1673471794
264,yarim,14.298,44.3779,10.61,51,0,1.73,YE,1673471536
265,de-kastri,51.4667,140.7833,-16.91,99,100,1.81,RU,1673471794
266,kieta,-6.2167,155.6333,26.5,85,100,2.5,PG,1673471795
267,taoudenni,22.6783,-3.9836,20.26,19,100,4.79,ML,1673471795
268,trenggalek,-8.05,111.7167,22.98,94,100,0.58,ID,1673471795
269,cockburn town,21.4612,-71.1419,25.98,65,40,5.14,TC,1673471781
270,san jose,37.3394,-121.895,13.92,87,100,11.32,US,1673471585
271,sao jose da coroa grande,-8.8978,-35.1478,26.13,71,24,4.66,BR,1673471796
272,chuy,-33.6971,-53.4616,25.89,68,44,4.93,UY,1673471796
273,kinsale,51.7075,-8.5306,11.65,93,75,12.86,IE,1673471796
274,luang prabang,19.8856,102.1347,17.7,99,25,0.71,LA,1673471796
275,bykovo,55.6361,38.0803,-8.58,64,75,4.0,RU,1673471796
276,capelinha,-17.6914,-42.5158,20.84,90,99,0.76,BR,1673471796
277,flin flon,54.7682,-101.865,-9.09,79,20,2.06,CA,1673471796
278,umm lajj,25.0213,37.2685,20.61,42,0,4.41,SA,1673471797
279,lavrentiya,65.5833,-171.0,-17.81,96,100,4.76,RU,1673471797
280,borshchiv,48.8033,26.0435,-1.04,74,29,5.78,UA,1673471797
281,maltahohe,-24.8333,16.9833,26.5,25,100,5.96,NA,1673471797
282,atar,20.5169,-13.0499,21.01,11,0,3.93,MR,1673471798
283,ahipara,-35.1667,173.1667,20.36,76,59,4.21,NZ,1673471798
284,vineland,39.4862,-75.0257,6.8,60,0,4.63,US,1673471624
285,manadhoo,5.7667,73.3833,26.28,75,100,4.68,MV,1673471798
286,tura,25.5198,90.2201,13.35,67,0,1.41,IN,1673471798
287,san rafael,-34.6177,-68.3301,28.47,21,93,5.53,AR,1673471799
288,pundaguitan,6.3711,126.1689,26.31,81,100,4.94,PH,1673471799
289,dolores,-36.3132,-57.6792,21.55,81,100,1.73,AR,1673471799
290,namatanai,-3.6667,152.4333,26.36,81,100,1.92,PG,1673471799
291,myrtle beach,33.6891,-78.8867,17.21,67,0,2.57,US,1673471768
292,rind,39.7597,45.18,-6.44,59,1,1.83,AM,1673471800
293,beloha,-25.1667,45.05,22.64,91,6,3.32,MG,1673471800
294,chapaevsk,52.9813,49.7112,-22.14,91,86,2.24,RU,1673471801
295,sawtell,-30.3833,153.1,22.01,78,40,2.06,AU,1673471801
296,aykhal,66.0,111.5,-42.58,98,100,2.65,RU,1673471801
297,anori,-3.7728,-61.6442,27.38,74,100,1.06,BR,1673471801
298,porto novo,6.4965,2.6036,26.01,80,49,2.99,BJ,1673471726
299,galesong,-5.3166,119.3661,24.01,81,77,2.27,ID,1673471566
300,bilbor,47.05,25.5167,-1.96,98,89,0.89,RO,1673471802
301,brae,60.3964,-1.353,6.06,87,100,4.53,GB,1673471802
302,rizhao,35.4275,119.4553,5.01,94,0,1.07,CN,1673471616
303,ust-karsk,52.7011,118.8077,-9.59,96,100,1.82,RU,1673471802
304,margate,51.3813,1.3862,9.94,80,100,3.13,GB,1673471802
305,chokurdakh,70.6333,147.9167,-31.79,96,100,1.41,RU,1673471802
306,taylorville,39.5489,-89.2945,16.6,72,0,4.12,US,1673471802
307,guerrero negro,27.9769,-114.0611,19.62,58,4,7.38,MX,1673471803
308,bethune,50.5333,2.6333,11.13,88,100,10.01,FR,1673471803
309,bonthe,7.5264,-12.505,25.63,82,0,3.71,SL,1673471805
310,santa rosa,14.3122,121.1114,24.99,85,100,3.26,PH,1673471805
311,fare,-16.7,-151.0167,25.75,80,100,4.07,PF,1673471805
312,balykshi,47.0667,51.8667,-15.0,61,0,7.0,KZ,1673471805
313,honningsvag,70.9821,25.9704,-2.14,80,40,12.86,NO,1673471806
314,hasaki,35.7333,140.8333,-1.78,54,4,2.45,JP,1673471806
315,souillac,-20.5167,57.5167,25.21,83,40,5.14,MU,1673471806
316,tuatapere,-46.1333,167.6833,13.68,67,94,1.35,NZ,1673471806
317,pleshanovo,52.8333,53.4833,-29.45,100,49,2.01,RU,1673471806
318,belyy yar,53.6039,91.3903,-23.97,63,0,5.0,RU,1673471799
319,ishigaki,24.3448,124.1572,21.07,88,75,3.6,JP,1673471807
320,bend,44.0582,-121.3153,4.09,86,100,4.12,US,1673471807
321,sinnamary,5.3833,-52.95,25.28,89,100,3.83,GF,1673471807
322,virginia,37.5481,-77.4467,9.69,68,75,3.6,US,1673471807
323,yerofey pavlovich,53.9667,121.9667,-16.23,96,100,1.19,RU,1673471807
324,ugoofaaru,5.6667,73.0,26.38,73,100,4.93,MV,1673471807
325,xudat,41.631,48.681,-3.81,78,62,6.54,AZ,1673471807
326,bilma,18.6853,12.9164,15.55,25,0,3.14,NE,1673471807
327,sao filipe,14.8961,-24.4956,24.32,64,0,6.18,CV,1673471808
328,raga,8.4596,25.678,22.4,25,99,2.18,SS,1673471808
329,fort nelson,58.8053,-122.7002,-12.23,92,100,1.03,CA,1673471809
330,port macquarie,-31.4333,152.9167,23.27,78,4,0.9,AU,1673471809
331,preobrazheniye,42.9019,133.9064,-2.18,67,11,2.93,RU,1673471810
332,erenhot,43.6475,111.9767,-2.05,68,100,3.0,CN,1673471810
333,pemangkat,1.1667,108.9667,24.55,88,100,0.83,ID,1673471810
334,kearney,40.6995,-99.0815,3.31,76,0,8.75,US,1673471810
335,oktyabrskiy,54.4815,53.471,-22.57,87,93,4.84,RU,1673471811
336,ust-nera,64.5667,143.2,-44.05,98,94,2.31,RU,1673471811
337,port augusta,-32.5,137.7667,24.03,55,19,3.58,AU,1673471811
338,istok,42.7808,20.4875,2.75,91,93,0.35,XK,1673471811
339,hamilton,39.1834,-84.5333,9.87,93,100,3.09,US,1673471811
340,reinosa,42.9996,-4.138,4.14,95,66,1.46,ES,1673471812
341,plast,54.3691,60.8136,-17.78,83,21,4.32,RU,1673471812
342,tongren,27.7172,109.1853,12.79,71,85,0.46,CN,1673471812
343,araouane,18.9048,-3.5265,19.83,13,100,4.85,ML,1673471812
344,eenhana,-17.4667,16.3333,22.19,65,97,2.37,NA,1673471812
345,rudsar,37.1376,50.288,4.99,80,99,4.23,IR,1673471812
346,cap malheureux,-19.9842,57.6142,24.7,76,74,2.24,MU,1673471813
347,bandarbeyla,9.4942,50.8122,24.21,73,70,8.18,SO,1673471814
348,vardo,70.3705,31.1107,-4.01,86,75,7.72,NO,1673471815
349,inhambane,-23.865,35.3833,24.55,77,46,4.39,MZ,1673471815
350,nome,64.5011,-165.4064,-6.58,93,100,6.17,US,1673471815
351,pevek,69.7008,170.3133,-32.0,100,77,0.24,RU,1673471815
352,mwinilunga,-11.7358,24.4293,16.01,99,100,1.38,ZM,1673471816
353,coolum beach,-26.5333,153.1,23.39,86,99,0.45,AU,1673471816
354,brezno,48.8043,19.6363,-1.12,95,58,0.12,SK,1673471615
355,amqui,48.4638,-67.4313,-13.35,86,5,2.17,CA,1673471816
356,pontal,-21.0225,-48.0372,22.15,92,98,0.91,BR,1673471817
357,kavaratti,10.5669,72.642,26.43,61,78,2.52,IN,1673471817
358,bali chak,22.3667,87.55,13.97,32,0,2.65,IN,1673471818
359,khandyga,62.6667,135.6,-41.5,100,91,0.32,RU,1673471818
360,safaga,26.7292,33.9365,17.28,55,1,1.77,EG,1673471630
361,chapais,49.7834,-74.8492,-17.12,95,74,2.05,CA,1673471818
362,kyshtovka,56.555,76.6271,-24.71,99,100,3.97,RU,1673471819
363,caconda,-13.7333,15.0667,17.43,85,100,1.25,AO,1673471819
364,yerbogachen,61.2767,108.0108,-32.24,93,100,4.62,RU,1673471819
365,marietta,33.9526,-84.5499,18.82,79,75,5.66,US,1673471819
366,tazmalt,36.3868,4.3989,11.16,84,0,1.69,DZ,1673471820
367,shingu,33.7333,135.9833,5.19,53,0,2.7,JP,1673471820
368,yar-sale,66.8333,70.8333,-22.36,98,100,4.02,RU,1673471820
369,general roca,-39.0333,-67.5833,28.12,8,4,7.08,AR,1673471820
370,tampere,61.4991,23.7871,2.22,96,100,6.69,FI,1673471685
371,newark,40.7357,-74.1724,4.81,58,40,3.6,US,1673471324
372,pirovskoye,57.6267,92.2658,-31.46,93,100,4.21,RU,1673471821
373,sosnovo-ozerskoye,52.5249,111.5418,-14.26,83,100,5.23,RU,1673471822
374,skibbereen,51.55,-9.2667,11.73,89,100,17.17,IE,1673471822
375,maragogi,-9.0122,-35.2225,26.08,70,23,4.6,BR,1673471822
376,shilovo,54.3204,40.874,-11.34,70,100,7.33,RU,1673471822
377,jejuri,18.2833,74.1667,16.94,38,0,1.23,IN,1673471823
378,tonder,54.9331,8.8667,7.2,88,39,3.58,DK,1673471823
379,namibe,-15.1961,12.1522,21.62,78,21,4.97,AO,1673471823
380,bud,39.447,-86.1758,10.03,96,100,2.58,US,1673471824
381,isabela,6.7085,121.9711,24.03,79,100,4.89,PH,1673471824
382,seddon,-37.8068,144.8916,21.59,87,100,3.09,AU,1673471824
383,aksarka,66.5606,67.7975,-20.57,100,100,0.68,RU,1673471824
384,castleblayney,54.1167,-6.7333,6.56,97,100,4.3,IE,1673471825
385,san luis,-33.295,-66.3356,30.8,29,79,4.19,AR,1673471731
386,grand baie,-20.0182,57.5802,25.26,76,69,2.24,MU,1673471826
387,san quintin,30.4833,-115.95,17.84,53,39,5.69,MX,1673471826
388,chester,40.1254,-75.8749,5.6,72,100,1.79,US,1673471617
389,lasa,46.6166,10.7002,6.49,96,100,2.74,IT,1673471826
390,dalbandin,28.8947,64.4101,3.32,39,0,3.93,PK,1673471827
391,xai-xai,-25.0519,33.6442,23.15,75,0,4.1,MZ,1673471827
392,san patricio,28.017,-97.5169,31.21,44,54,8.56,US,1673471827
393,porto nacional,-10.7081,-48.4172,29.0,82,78,0.44,BR,1673471827
394,anton lizardo,19.05,-95.9833,28.12,71,2,4.91,MX,1673471828
395,blackwater,-23.5833,148.8833,20.98,91,100,5.28,AU,1673471828
396,falmouth,50.1544,-5.0711,12.59,82,75,13.38,GB,1673471828
397,belaya gora,68.5333,146.4167,-49.12,100,82,0.8,RU,1673471828
398,ketchikan,55.3422,-131.6461,7.26,81,0,0.0,US,1673471829
399,muroto,33.2833,134.15,11.68,61,0,3.2,JP,1673471744
400,plettenberg bay,-34.0527,23.3716,20.63,94,97,2.11,ZA,1673471829
401,lakes entrance,-37.8811,147.981,18.98,81,3,1.09,AU,1673471829
402,mkushi,-13.6202,29.3939,17.95,97,100,2.35,ZM,1673471830
403,terrace bay,48.7834,-87.1,-1.51,96,100,4.62,CA,1673471830
404,astana,51.1801,71.446,-30.03,76,75,5.0,KZ,1673471746
405,townsville,-19.25,146.8,28.49,74,75,3.6,AU,1673471830
406,okha,53.5739,142.9478,-15.57,96,100,3.34,RU,1673471830
407,balgarovo,42.6214,27.3046,9.83,100,100,2.57,BG,1673471831
408,ilhabela,-23.7781,-45.3581,25.13,87,91,2.28,BR,1673471831
409,kapoeta,4.7717,33.5903,27.26,37,46,0.55,SS,1673471832
410,rutland,43.6167,-73.0162,-2.01,65,0,4.12,US,1673471832
411,anderson,34.5334,-82.6499,15.14,68,100,0.89,US,1673471832
412,oistins,13.0667,-59.5333,27.05,74,40,6.17,BB,1673471833
413,gold coast,-28.0,153.4333,24.44,83,40,2.57,AU,1673471833
414,rio grande,-32.035,-52.0986,31.06,70,61,6.86,BR,1673471833
415,unai,-16.3575,-46.9061,24.82,81,100,1.69,BR,1673471834
416,lupiro,-8.3833,36.6667,24.14,77,100,0.97,TZ,1673471834
417,garbolovo,60.3413,30.4955,-4.98,92,100,5.93,RU,1673471834
418,jumla,29.2747,82.1838,2.9,51,68,3.07,NP,1673471835
419,pringsewu,-5.3582,104.9744,22.48,95,82,1.46,ID,1673471835
420,douglas,41.3,-96.167,3.66,79,0,7.2,US,1673471835
421,beringovskiy,63.05,179.3167,-24.38,93,12,4.68,RU,1673471836
422,salihorsk,52.7876,27.5415,-5.65,85,95,5.31,BY,1673471785
423,lubango,-14.9172,13.4925,17.45,63,94,1.35,AO,1673471772
424,mendeleyevsk,55.9082,52.2905,-20.05,81,100,7.14,RU,1673471836
425,dawlatabad,36.4141,64.9053,-17.88,96,54,1.42,AF,1673471837
426,husavik,66.0449,-17.3389,-0.73,94,100,5.42,IS,1673471837
427,kalakamati,-20.5929,27.3121,21.4,40,4,5.01,BW,1673471837
428,pindiga,9.9833,10.9333,21.06,27,39,3.69,NG,1673471837
429,pampas,-12.4,-74.9,15.18,66,100,3.46,PE,1673471837
430,sladkovo,55.5284,70.3385,-16.05,95,100,6.27,RU,1673471838
431,mananara,-16.1667,49.7667,24.57,91,96,1.13,MG,1673471838
432,mancora,-4.1078,-81.0475,25.23,63,90,6.39,PE,1673471838
433,coihaique,-45.5752,-72.0662,16.34,51,40,5.14,CL,1673471838
434,gejiu,23.306,103.1635,6.04,96,42,2.07,CN,1673471839
435,kailua,21.4022,-157.7394,27.99,60,75,6.17,US,1673471839
436,bokoro,12.3807,17.0568,20.73,24,6,4.76,TD,1673471839
437,kasongo-lunda,-6.4667,16.8167,20.84,99,100,1.12,CD,1673471839
438,poya,-21.35,165.15,24.99,69,6,1.46,NC,1673471839
439,sokolo,14.7328,-6.1219,24.17,11,82,4.73,ML,1673471840
440,sainte-marie,-20.8968,55.5496,25.23,84,75,5.14,RE,1673471840
441,voznesenye,61.0106,35.4781,-5.68,85,100,5.61,RU,1673471840
442,christchurch,-43.5333,172.6333,17.17,77,40,5.14,NZ,1673471589
443,leh,34.1667,77.5833,-9.11,89,77,2.63,IN,1673471840
444,athabasca,54.7169,-113.2854,-7.77,92,99,3.05,CA,1673471807
445,micheweni,-4.9667,39.8333,27.02,80,92,4.86,TZ,1673471841
446,raudeberg,61.9875,5.1352,5.37,1,100,21.0,NO,1673471841
447,turayf,31.6725,38.6637,4.14,81,0,3.09,SA,1673471841
448,half moon bay,37.4636,-122.4286,14.05,92,100,11.32,US,1673471842
449,acapulco,16.8634,-99.8901,28.9,70,0,5.66,MX,1673471843
450,polunochnoye,60.8697,60.4153,-12.6,74,100,7.32,RU,1673471843
451,shenavan,40.0549,43.9288,-1.68,69,75,2.06,AM,1673471843
452,zhumadian,32.9794,114.0294,7.81,65,83,0.99,CN,1673471639
453,wanning,18.8003,110.3967,21.63,94,56,0.54,CN,1673471843
454,tucupita,9.0622,-62.051,25.54,85,54,2.31,VE,1673471844
455,quatre cocos,-20.2078,57.7625,25.06,76,68,6.64,MU,1673471844
456,ambon,-3.6954,128.1814,25.51,81,100,1.23,ID,1673471610
457,whitecourt,54.1502,-115.6855,-4.42,100,100,3.09,CA,1673471844
458,aranos,-24.1333,19.1167,29.78,19,91,4.22,NA,1673471845
459,nioro,13.35,-15.75,27.88,14,2,3.75,GM,1673471845
460,kupang,-10.1667,123.5833,23.32,100,20,1.54,ID,1673471845
461,finnsnes,69.2296,17.9811,-1.66,86,100,3.22,NO,1673471846
462,rocky mountain house,52.3668,-114.9188,-9.94,73,94,1.54,CA,1673471846
463,maputo,-25.9653,32.5892,24.82,73,20,3.09,MZ,1673471846
464,mezen,65.8522,44.24,-2.98,96,100,3.34,RU,1673471847
465,santa cruz,-17.8,-63.1667,30.03,62,75,6.69,BO,1673471718
466,bengkulu,-3.8004,102.2655,23.79,90,100,1.95,ID,1673471611
467,alugan,12.2188,125.4808,25.05,87,100,9.49,PH,1673471848
468,paamiut,61.994,-49.6678,-8.35,76,100,9.07,GL,1673471848
469,marsa matruh,31.3525,27.2453,14.02,67,100,8.89,EG,1673471848
470,sorland,67.667,12.6934,1.92,100,100,7.14,NO,1673471849
471,hobyo,5.3505,48.5268,25.15,80,47,8.02,SO,1673471849
472,yenagoa,4.9247,6.2642,26.48,73,41,2.09,NG,1673471849
473,ust-maya,60.4167,134.5333,-26.04,99,100,1.03,RU,1673471850
474,conceicao da barra,-18.5933,-39.7322,24.98,88,100,4.21,BR,1673471850
475,malindi,-3.2175,40.1191,25.99,84,12,4.55,KE,1673471850
476,huntsville,34.7304,-86.5861,18.21,88,100,5.66,US,1673471707
477,kumluca,36.3703,30.2869,10.6,91,100,3.56,TR,1673471851
478,xichang,27.8964,102.2634,4.99,73,0,0.25,CN,1673471851
479,matara,5.9485,80.5353,21.74,82,11,2.29,LK,1673471851
480,fort myers beach,26.452,-81.9481,26.03,34,0,3.09,US,1673471852
481,hirara,24.8,125.2833,21.68,77,48,10.0,JP,1673471852
482,san policarpo,12.1791,125.5072,25.27,86,100,10.05,PH,1673471852
483,barabinsk,55.3571,78.357,-28.98,100,100,3.42,RU,1673471852
484,qazanbulaq,40.6192,46.6519,-1.5,91,89,2.78,AZ,1673471853
485,kendari,-3.945,122.4989,22.81,89,55,1.56,ID,1673471844
486,kayseri,38.737,35.4968,0.01,86,100,0.0,TR,1673471795
487,banda aceh,5.5577,95.3222,24.44,80,90,2.49,ID,1673471689
488,juelsminde,55.7088,10.0167,7.41,89,74,8.06,DK,1673471854
489,codrington,-38.2667,141.9667,17.03,87,43,3.02,AU,1673471854
490,kjollefjord,70.9457,27.3465,-1.97,80,0,9.77,NO,1673471854
491,ankang,32.68,109.0172,7.58,70,80,1.21,CN,1673471855
492,saint-francois,46.4154,3.9054,6.65,90,0,2.06,FR,1673471855
493,puerto escondido,15.85,-97.0667,28.52,60,2,2.63,MX,1673471855
494,valparaiso,-33.0393,-71.6273,26.13,42,0,6.17,CL,1673471856
495,naftalan,40.5067,46.825,-1.32,94,87,3.16,AZ,1673471856
496,miranda,3.2499,-76.2281,23.07,72,90,0.74,CO,1673471856
497,basco,20.4487,121.9702,24.34,70,15,9.11,PH,1673471856
498,maanshan,31.6957,118.4983,5.03,87,0,1.96,CN,1673471857
499,korla,41.7597,86.1469,-3.09,26,100,4.48,CN,1673471721
500,riyadh,24.6877,46.7219,11.08,57,100,2.69,SA,1673471497
501,sao miguel do araguaia,-13.275,-50.1628,26.9,82,91,0.69,BR,1673471857
502,natal,-5.795,-35.2094,27.36,74,20,4.63,BR,1673471757
503,flinders,-34.5833,150.8552,22.25,81,26,2.24,AU,1673471858
504,cairns,-16.9167,145.7667,26.7,96,100,0.51,AU,1673471858
505,rawson,-43.3002,-65.1023,13.66,61,99,11.63,AR,1673471858
506,binabalian,16.4202,119.9279,24.86,76,63,5.45,PH,1673471859
507,meulaboh,4.1363,96.1285,23.55,90,93,1.93,ID,1673471859
508,asyut,27.181,31.1837,13.01,48,0,1.23,EG,1673471859
509,saquena,-4.6667,-73.5167,24.07,97,94,0.99,PE,1673471860
510,przhevalskoye,55.5093,31.8482,-6.37,90,100,4.6,RU,1673471860
511,zhigansk,66.7697,123.3711,-35.33,93,100,5.63,RU,1673471617
512,nantucket,41.2835,-70.0995,3.06,60,96,4.55,US,1673471860
513,khorramshahr,30.4397,48.1664,8.98,100,100,1.03,IR,1673471860
514,kwinana,-32.25,115.7667,18.23,82,0,0.45,AU,1673471861
515,la macarena,2.1837,-73.7849,25.8,85,99,2.16,CO,1673471861
516,angoram,-4.0625,144.0661,23.4,97,96,0.4,PG,1673471861
517,sitka,57.0531,-135.33,5.94,81,100,3.09,US,1673471862
518,russell,32.3502,-85.1999,24.6,57,75,2.06,US,1673471862
519,presidencia roque saenz pena,-26.7852,-60.4388,39.31,15,93,1.97,AR,1673471862
520,nikolsk,53.7189,46.0712,-16.12,82,100,6.19,RU,1673471863
521,kawalu,-7.3817,108.2082,21.16,91,74,0.55,ID,1673471863
522,tateyama,34.9833,139.8667,10.27,68,15,3.32,JP,1673471864
523,nizhniy baskunchak,48.2198,46.8311,-14.33,88,6,6.54,RU,1673471864
524,conde,-7.2597,-34.9075,26.7,74,20,5.14,BR,1673471865
525,jati,24.3539,68.2671,21.29,70,0,4.23,PK,1673471865
526,launceston,-41.45,147.1667,16.56,78,43,1.54,AU,1673471865
527,gamba,-2.65,10.0,26.03,83,100,1.6,GA,1673471866
528,ola,59.5833,151.2833,-27.74,82,22,2.07,RU,1673471866
529,governador dix-sept rosado,-5.4577,-37.5209,28.91,60,47,7.57,BR,1673471866
530,karpogory,64.0019,44.4451,-5.65,93,100,5.25,RU,1673471867
531,college station,30.628,-96.3344,26.64,55,0,8.23,US,1673471593
532,sao felix do xingu,-6.6447,-51.995,25.13,93,87,1.79,BR,1673471867
533,clearwater,27.9659,-82.8001,25.1,51,0,1.34,US,1673471733
534,dicabisagan,17.0818,122.4157,23.06,86,100,2.98,PH,1673471868
535,panama city,8.9936,-79.5197,29.97,64,40,5.66,PA,1673471868
536,adrar,20.5022,-10.0711,19.62,11,40,4.15,MR,1673471868
537,wagga wagga,-35.1167,147.3667,24.78,73,98,1.34,AU,1673471868
538,tiksi,71.6872,128.8694,-39.61,98,94,2.27,RU,1673471684
539,kutum,14.2,24.6667,14.12,30,52,3.11,SD,1673471869
540,kurumkan,54.3,110.3,-19.91,83,87,4.02,RU,1673471869
541,nanchang,28.6833,115.8833,14.86,78,87,1.51,CN,1673471870
542,north battleford,52.7834,-108.2847,-10.95,85,75,2.06,CA,1673471870
543,kasempa,-13.4584,25.8338,17.5,98,100,1.84,ZM,1673471870
544,cabinda,-5.55,12.2,25.92,89,100,2.86,AO,1673471871
545,weiser,44.251,-116.9693,5.73,92,100,1.75,US,1673471871
546,sabinas,27.85,-101.1167,31.85,12,1,2.11,MX,1673471847
547,palu,-0.8917,119.8707,23.25,94,100,1.07,ID,1673471872
548,cascais,38.6979,-9.4215,13.87,79,0,6.71,PT,1673471872
549,letka,59.6011,49.4232,-11.34,91,100,6.04,RU,1673471873
550,harper,4.375,-7.7169,26.79,80,42,4.19,LR,1673471873
551,surenavan,39.75,44.8,-2.88,52,0,1.97,AM,1673471873
552,chokwe,-24.5333,32.9833,21.0,86,0,2.19,MZ,1673471874
553,taltal,-25.4,-70.4833,21.59,71,24,3.18,CL,1673471875
554,juntas,10.2809,-84.9595,29.18,57,48,2.56,CR,1673471875
555,mayo,38.8876,-76.5119,7.85,71,75,2.57,US,1673471876
556,zhangye,38.9342,100.4517,-1.02,23,64,3.21,CN,1673471876
557,bombay,19.0144,72.8479,22.99,43,0,2.06,IN,1673471713
558,requena,39.4883,-1.1004,9.18,76,76,3.5,ES,1673471876
559,ulaangom,49.9811,92.0667,-23.17,71,29,3.33,MN,1673471877
560,talcahuano,-36.7167,-73.1167,19.82,45,0,9.26,CL,1673471877
561,uvinza,-5.1036,30.3911,18.03,97,79,1.45,TZ,1673471877
562,mildura,-34.2,142.15,21.15,47,8,4.09,AU,1673471862
563,bjornevatn,69.6672,29.9847,-5.21,86,75,8.75,NO,1673471878
564,ilulissat,69.2167,-51.1,-29.84,85,13,2.82,GL,1673471879
565,nanakuli,21.3906,-158.1547,26.97,64,20,4.12,US,1673471879
566,dumai,1.6833,101.45,22.28,98,99,0.37,ID,1673471879
567,gravdal,68.1214,13.5031,0.94,86,100,3.6,NO,1673471880
